scenario,month,mau,joins,quits,dau,goldFaucet,goldClaimed,goldOnchainSupply,goldBurnMonth,goldBurnedTotal,goldTreasury,dolEmissionMonth,dolUnlocked,dolCirculating,dolLocked,dolStaked,dolFloatFree,dolBurnMonth,dolBurnedTotal,dolTreasury,inflationMonthlyPct,marketCapUsd,liquidityUsd
bear,1,539,99,60,135,12328200,205470,198716,1617,1617,6754,6250000,61041667,61041650,938958333,12208330,48833320,16,16,4166683,0,305208,24417
bear,2,576,102,65,144,13150080,421214,602704,1728,3345,23980,6250000,77083333,77083300,922916667,15416660,61666640,17,33,8333367,8.824,385416,30833
bear,3,613,106,69,153,13971960,647059,1216680,1839,5184,57063,6250000,93125000,93124948,906875000,18624990,74499959,18,52,12500052,7.194,465625,37250
bear,4,648,109,74,162,14793840,882839,2045087,1944,7128,111495,6250000,109166667,109166595,890833333,21833319,87333276,19,71,16666738,6.073,545833,43667
bear,5,683,113,78,171,15615720,1128387,3092088,2049,9177,192881,6250000,125208333,125208242,874791667,25041648,100166593,20,92,20833425,5.254,626041,50083
bear,6,717,116,82,179,16346280,1382019,4360103,2151,11328,306885,6250000,141250000,141249887,858750000,28249977,112999909,22,113,25000113,4.63,706249,56500
bear,7,750,119,86,188,17168160,1645121,5852843,2250,13578,459265,6250000,162291667,162291531,837708333,32458306,129833225,23,136,29166802,4.005,811458,64917
bear,8,782,122,90,196,17898720,1916014,7572290,2346,15924,655833,6250000,183333333,183333174,816666667,36666635,146666539,23,159,33333493,3.529,916666,73333
bear,9,813,125,94,203,18537960,2193047,9518764,2439,18363,902405,6250000,204375000,204374816,795625000,40874963,163499853,24,184,37500184,3.155,1021874,81750
bear,10,843,128,98,211,19268520,2477638,11693963,2529,20892,1204844,6250000,225416667,225416458,774583333,45083292,180333166,25,209,41666876,2.852,1127082,90167
bear,11,873,131,101,218,19907760,2768140,14097931,2619,23511,1569016,6250000,246458333,246458098,753541667,49291620,197166479,26,235,45833568,2.602,1232290,98583
bear,12,901,133,105,225,20547000,3064454,16730623,2703,26214,2000778,6250000,267500000,267499738,732500000,53499948,213999790,27,262,50000262,2.392,1337499,107000
bear,13,929,136,108,232,21186240,3366484,19591892,2787,29001,2505993,4687500,290868056,290867766,709131944,58173553,232694212,28,290,54166957,1.638,1454339,116347
bear,14,957,139,111,239,21825480,3674134,22681504,2871,31872,3090515,4687500,314236111,314235792,685763889,62847158,251388634,29,319,58333652,1.514,1571179,125694
bear,15,983,141,115,246,22464720,3987310,25999145,2949,34821,3760184,4687500,337604167,337603818,662395833,67520764,270083055,29,348,62500348,1.408,1688019,135042
bear,16,1008,143,118,252,23012640,4304399,29542932,3024,37845,4520796,4687500,360972222,360971844,639027778,72194369,288777475,30,378,66667045,1.316,1804859,144389
bear,17,1033,146,121,258,23560560,4625335,33310961,3099,40944,5378102,4687500,384340278,384339868,615659722,76867974,307471895,31,409,70833743,1.235,1921699,153736
bear,18,1057,148,124,264,24108480,4950054,37301319,3171,44115,6337799,4687500,407708333,407699965,592291667,81539993,326159972,7959,8369,75002027,1.163,2038500,163080
bear,19,1080,150,127,270,24656400,5278493,41512077,3240,47355,7405534,4687500,431076389,431059888,568923611,86211978,344847910,8132,16501,79170346,1.099,2155299,172424
bear,20,1102,152,130,276,25204320,5610590,45941295,3306,50661,8586907,4687500,454444444,454419645,545555556,90883929,363535716,8298,24799,83338698,1.042,2272098,181768
bear,21,1124,154,132,281,25660920,5944763,50585534,3372,54033,9887430,4687500,477812500,477779237,522187500,95555847,382223390,8464,33263,87507085,0.991,2388896,191112
bear,22,1145,156,135,286,26117520,6280975,55441412,3435,57468,11312528,4687500,501180556,501138671,498819444,100227734,400910937,8622,41885,91675503,0.944,2505693,200455
bear,23,1166,158,137,292,26665440,6620716,60507077,3498,60966,12867579,4687500,524548611,524497946,475451389,104899589,419598357,8780,50665,95843954,0.902,2622490,209799
bear,24,1186,160,140,297,27122040,6962405,65779187,3558,64524,14557874,4687500,547916667,547857071,452083333,109571414,438285657,8931,59595,100012435,0.863,2739285,219143
bear,25,1206,162,142,302,27578640,7306009,71254448,3618,68142,16388622,3515625,566987847,566919171,433012153,113383834,453535337,9081,68676,104180947,0.624,2834596,226768
bear,26,1224,163,145,306,27943920,7649974,76928140,3672,71814,18364904,3515625,586059028,585981135,413940972,117196227,468784908,9217,77893,108349486,0.604,2929906,234392
bear,27,1242,165,147,311,28400520,7995817,82797131,3726,75540,20491729,3515625,605130208,605042963,394869792,121008593,484034370,9352,87245,112518053,0.584,3025215,242017
bear,28,1259,166,149,315,28765800,8341983,88856859,3777,79317,22773984,3515625,624201389,624104663,375798611,124820933,499283731,9480,96726,116686646,0.566,3120523,249642
bear,29,1276,168,151,319,29131080,8688468,95102866,3828,83145,25216445,3515625,643272569,643166235,356727431,128633247,514532988,9608,106334,120855265,0.55,3215831,257266
bear,30,1292,169,153,323,29496360,9035266,101530803,3876,87021,27823775,3515625,662343750,662227687,337656250,132445537,529782150,9729,116063,125023909,0.534,3311138,264891
bear,31,1308,171,155,327,29861640,9382372,108136422,3924,90945,30600528,3515625,676414931,676289019,323585069,135257804,541031215,9849,125912,129192577,0.523,3381445,270516
bear,32,1323,172,157,331,30226920,9729781,114915579,3969,94914,33551152,3515625,690486111,690350237,309513889,138070047,552280190,9962,135874,133361267,0.512,3451751,276140
bear,33,1338,174,159,335,30592200,10077488,121864227,4014,98928,36679993,3515625,704557292,704411342,295442708,140882268,563529074,10075,145949,137529981,0.502,3522057,281765
bear,34,1352,175,161,338,30866160,10423966,128976933,4056,102984,39991254,3515625,718628472,718472342,281371528,143694468,574777874,10181,156130,141698717,0.492,3592362,287389
bear,35,1366,176,162,342,31231440,10770758,136249900,4098,107082,43489044,3515625,732699653,732533237,267300347,146506647,586026590,10286,166416,145867473,0.482,3662666,293013
bear,36,1379,177,164,345,31505400,11116335,143677942,4137,111219,47177337,3515625,746770833,746594034,253229167,149318807,597275227,10384,176800,150036250,0.473,3732970,298638
bear,37,1392,178,165,348,31779360,11460719,151256018,4176,115395,51059979,2636719,759963108,759775826,240036892,151955165,607820661,10482,187281,154205046,0.348,3798879,303910
bear,38,1405,180,167,351,32053320,11803929,158979233,4215,119610,55140693,2636719,773155382,772957521,226844618,154591504,618366017,10580,197861,158373862,0.342,3864788,309183
bear,39,1417,181,169,354,32327280,12145985,166842836,4251,123861,59423074,2636719,786347656,786139125,213652344,157227825,628911300,10670,208531,162542697,0.337,3930696,314456
bear,40,1429,182,170,357,32601240,12486905,174842211,4287,128148,63910605,2636719,799539931,799320639,200460069,159864128,639456511,10760,219291,166711550,0.331,3996603,319728
bear,41,1441,183,171,360,32875200,12826710,182972876,4323,132471,68606651,2636719,812732205,812502063,187267795,162500413,650001650,10851,230142,170880422,0.326,4062510,325001
bear,42,1452,184,173,363,33149160,13165418,191230480,4356,136827,73514464,2636719,825924479,825683403,174075521,165136681,660546723,10934,241076,175049310,0.32,4128417,330273
bear,43,1463,185,174,366,33423120,13503046,199610799,4389,141216,78637192,2636719,839116753,838864661,160883247,167772932,671091729,11016,252092,179218215,0.315,4194323,335546
bear,44,1473,186,176,368,33605760,13838091,208108250,4419,145635,83977833,2636719,852309028,852045844,147690972,170409169,681636675,11092,263184,183387135,0.31,4260229,340818
bear,45,1482,186,177,371,33879720,14172119,216718913,4446,150081,89539288,2636719,865501302,865226959,134498698,173045392,692181567,11159,274343,187556069,0.306,4326135,346091
bear,46,1491,187,178,373,34062360,14503623,225437499,4473,154554,95324324,2636719,878693576,878408006,121306424,175681601,702726405,11227,285571,191725017,0.301,4392040,351363
bear,47,1500,188,179,375,34245000,14832646,234258891,4500,159054,101335578,2636719,891885851,891588985,108114149,178317797,713271188,11295,296866,195893979,0.297,4457945,356636
bear,48,1509,189,180,377,34427640,15159229,243178140,4527,163581,107575558,2636719,905078125,904769897,94921875,180953979,723815917,11363,308228,200062954,0.292,4523849,361908
bear,49,1518,190,181,380,34701600,15484935,252191944,4554,168135,114046689,1977539,907055664,906736005,92944336,181347201,725388804,11431,319659,200065277,0.219,4533680,362694
bear,50,1526,190,182,382,34884240,15808257,261295618,4578,172713,120751272,1977539,909033203,908702053,90966797,181740411,726961643,11491,331150,200067612,0.218,4543510,363481
bear,51,1534,191,183,384,35066880,16129234,270484628,4602,177315,127691495,1977539,911010742,910668042,88989258,182133608,728534433,11551,342701,200069959,0.218,4553340,364267
bear,52,1542,192,184,386,35249520,16447905,279754594,4626,181941,134869435,1977539,912988281,912633969,87011719,182526794,730107175,11611,354312,200072318,0.217,4563170,365054
bear,53,1549,192,185,387,35340840,16762788,289099800,4647,186588,142287016,1977539,914965820,914599844,85034180,182919969,731679876,11664,365976,200074688,0.217,4572999,365840
bear,54,1556,193,186,389,35523480,17075466,298516216,4668,191256,149946066,1977539,916943359,916565667,83056641,183313133,733252533,11717,377693,200077069,0.216,4582828,366626
bear,55,1562,193,187,391,35706120,17385977,307999952,4686,195942,157848307,1977539,918920898,918531444,81079102,183706289,734825155,11762,389454,200079458,0.216,4592657,367413
bear,56,1569,194,187,392,35797440,17692834,317545760,4707,200649,165995333,1977539,920898438,920497169,79101563,184099434,736397735,11815,401269,200081859,0.215,4602486,368199
bear,57,1576,195,188,394,35980080,17997622,327150069,4728,205377,174388646,1977539,922875977,922462840,77124023,184492568,737970272,11867,413136,200084270,0.215,4612314,368985
bear,58,1582,195,189,396,36162720,18300373,336809436,4746,210123,183029653,1977539,924853516,924428467,75146484,184885693,739542774,11912,425049,200086691,0.214,4622142,369771
bear,59,1588,196,190,397,36254040,18599601,346519047,4764,214887,191919643,1977539,926831055,926394048,73168945,185278810,741115239,11958,437006,200089120,0.214,4631970,370558
bear,60,1593,196,191,398,36345360,18895364,356274271,4779,219666,201059782,1977539,928808594,928359592,71191406,185671918,742687674,11995,449002,200091558,0.213,4641798,371344
bear,61,1599,197,191,400,36528000,19189241,366072128,4797,224463,210451167,1483154,930291748,929830706,69708252,185966141,743864565,12040,461042,200094004,0.16,4649154,371932
bear,62,1604,197,192,401,36619320,19479742,375908261,4812,229275,220094776,1483154,931774902,931301782,68225098,186260356,745041426,12078,473120,200096458,0.16,4656509,372521
bear,63,1610,198,192,403,36801960,19768446,385779960,4830,234105,229991523,1483154,933258057,932772813,66741943,186554563,746218250,12123,485244,200098922,0.159,4663864,373109
bear,64,1615,198,193,404,36893280,20053860,395683129,4845,238950,240142214,1483154,934741211,934243806,65258789,186848761,747395045,12161,497405,200101393,0.159,4671219,373698
bear,65,1619,198,194,405,36984600,20336039,405613832,4857,243807,250547550,1483154,936224365,935714770,63775635,187142954,748571816,12191,509596,200103870,0.159,4678574,374286
bear,66,1624,199,194,406,37075920,20615037,415568275,4872,248679,261208144,1483154,937707520,937185695,62292480,187437139,749748556,12229,521824,200106354,0.159,4685928,374874
bear,67,1628,199,195,407,37167240,20890907,425542819,4884,253563,272124507,1483154,939190674,938656591,60809326,187731318,750925273,12259,534083,200108845,0.158,4693283,375463
bear,68,1633,200,195,408,37258560,21163701,435533958,4899,258462,283297069,1483154,940673828,940127449,59326172,188025490,752101959,12296,546380,200111344,0.158,4700637,376051
bear,69,1637,200,196,409,37349880,21433471,445538332,4911,263373,294726166,1483154,942156982,941598276,57843018,188319655,753278621,12327,558706,200113848,0.158,4707991,376639
bear,70,1641,200,196,410,37441200,21700266,455552710,4923,268296,306412054,1483154,943640137,943069074,56359863,188613815,754455259,12357,571063,200116359,0.158,4715345,377228
bear,71,1645,201,197,411,37532520,21964137,465573991,4935,273231,318354910,1483154,945123291,944539841,54876709,188907968,755631873,12387,583450,200118876,0.157,4722699,377816
bear,72,1649,201,197,412,37623840,22225132,475599199,4947,278178,330554835,1483154,946606445,946010579,53393555,189202116,756808463,12417,595867,200121399,0.157,4730053,378404
bear,73,1652,201,198,413,37715160,22483299,485625480,4956,283134,343011854,1112366,947718811,947110505,52281189,189422101,757688404,12440,608306,200123926,0.118,4735553,378844
bear,74,1656,202,198,414,37806480,22738686,495650093,4968,288102,355725926,1112366,948831177,948210401,51168823,189642080,758568321,12470,620776,200126460,0.117,4741052,379284
bear,75,1659,202,199,415,37897800,22991338,505670418,4977,293079,368696939,1112366,949943542,949310274,50056458,189862055,759448219,12492,633268,200128998,0.117,4746551,379724
bear,76,1662,202,199,416,37989120,23241301,515683940,4986,298065,381924718,1112366,951055908,950410125,48944092,190082025,760328100,12515,645783,200131541,0.117,4752051,380164
bear,77,1665,202,199,416,37989120,23487098,525686767,4995,303060,395408989,1112366,952168274,951509953,47831726,190301991,761207963,12537,658321,200134089,0.117,4757550,380604
bear,78,1668,203,200,417,38080440,23730320,535676656,5004,308064,409149420,1112366,953280640,952609759,46719360,190521952,762087807,12560,670881,200136641,0.117,4763049,381044
bear,79,1671,203,200,418,38171760,23971011,545651462,5013,313077,423145624,1112366,954393005,953709542,45606995,190741908,762967634,12583,683463,200139197,0.117,4768548,381484
bear,80,1673,203,201,418,38171760,24207690,555607654,5019,318096,437397122,1112366,955505371,954809310,44494629,190961862,763847448,12598,696061,200141757,0.117,4774047,381924
bear,81,1675,203,201,419,38263080,24441946,565543335,5025,323121,451903387,1112366,956617737,955909063,43382263,191181813,764727250,12613,708674,200144320,0.117,4779545,382364
bear,82,1677,203,201,419,38263080,24672299,575455212,5031,328152,466663809,1112366,957730103,957008801,42269897,191401760,765607041,12628,721302,200146886,0.116,4785044,382804
bear,83,1680,204,201,420,38354400,24900334,585341617,5040,333192,481677738,1112366,958842468,958108516,41157532,191621703,766486813,12650,733952,200149456,0.116,4790543,383243
bear,84,1682,204,202,421,38445720,25126090,595200968,5046,338238,496944476,1112366,959954834,959208217,40045166,191841643,767366573,12665,746617,200152029,0.116,4796041,383683
bear,85,1684,204,202,421,38445720,25348084,605030274,5052,343290,512463255,834274,960789108,960029810,39210892,192005962,768023848,12681,759298,200154606,0.087,4800149,384012
bear,86,1686,204,202,422,38537040,25567900,614828162,5058,348348,528233267,834274,961623383,960851389,38376617,192170278,768681111,12696,771993,200157185,0.087,4804257,384341
bear,87,1688,204,202,422,38537040,25784052,624591844,5064,353412,544253636,834274,962457657,961672953,37542343,192334591,769338362,12711,784704,200159768,0.087,4808365,384669
bear,88,1690,205,203,423,38628360,25998124,634320149,5070,358482,560523456,834274,963291931,962494501,36708069,192498900,769995601,12726,797430,200162354,0.087,4812473,384998
bear,89,1692,205,203,423,38628360,26208628,644010482,5076,363558,577041751,834274,964126205,963316035,35873795,192663207,770652828,12741,810171,200164943,0.087,4816580,385326
bear,90,1694,205,203,424,38719680,26417145,653661854,5082,368640,593807524,834274,964960480,964137553,35039520,192827511,771310043,12756,822926,200167534,0.087,4820688,385655
bear,91,1696,205,203,424,38719680,26622188,663271853,5088,373728,610819713,834274,965794754,964959057,34205246,192991811,771967245,12771,835697,200170129,0.087,4824795,385984
bear,92,1697,205,204,424,38719680,26823813,672838183,5091,378819,628077195,834274,966629028,965780553,33370972,193156111,772624442,12778,848476,200172726,0.086,4828903,386312
bear,93,1698,205,204,425,38811000,27023599,682360143,5094,383913,645578834,834274,967463303,966602041,32536697,193320408,773281633,12786,861262,200175324,0.086,4833010,386641
bear,94,1699,205,204,425,38811000,27220056,691835597,5097,389010,663323436,834274,968297577,967423522,31702423,193484704,773938817,12793,874055,200177923,0.086,4837118,386969
bear,95,1700,205,204,425,38811000,27413238,701262514,5100,394110,681309757,834274,969131851,968244995,30868149,193648999,774595996,12801,886856,200180524,0.086,4841225,387298
bear,96,1702,206,204,426,38902320,27604723,710640450,5106,399216,699536544,834274,969966125,969066453,30033875,193813291,775253163,12816,899672,200183128,0.086,4845332,387627
bear,97,1704,206,204,426,38902320,27793016,719967518,5112,404328,718002492,625706,970591831,969679328,29408169,193935866,775743462,12831,912503,200185735,0.065,4848397,387872
bear,98,1706,206,204,427,38993640,27979693,729243413,5118,409446,736706291,625706,971217537,970292187,28782463,194058437,776233750,12846,925349,200188345,0.065,4851461,388117
bear,99,1707,206,205,427,38993640,28163259,738466384,5121,414567,755646578,625706,971843243,970905039,28156757,194181008,776724032,12854,938203,200190957,0.064,4854525,388362
bear,100,1708,206,205,427,38993640,28343765,747634771,5124,419691,774821956,625706,972468948,971517884,27531052,194303577,777214307,12861,951064,200193570,0.064,4857589,388607
bear,101,1709,206,205,427,38993640,28521263,756747007,5127,424818,794230984,625706,973094654,972130721,26905346,194426144,777704577,12869,963933,200196185,0.064,4860654,388852
bear,102,1710,206,205,428,39084960,28697325,765803093,5130,429948,813872222,625706,973720360,972743550,26279640,194548710,778194840,12876,976809,200198801,0.064,4863718,389097
bear,103,1711,206,205,428,39084960,28870452,774801574,5133,435081,833744194,625706,974346066,973356372,25653934,194671274,778685098,12884,989693,200201419,0.064,4866782,389343
bear,104,1712,206,205,428,39084960,29040694,783741075,5136,440217,853845387,625706,974971771,973969187,25028229,194793837,779175349,12891,1002585,200204039,0.064,4869846,389588
bear,105,1714,207,205,429,39176280,29209620,792621786,5142,445359,874174296,625706,975597477,974581986,24402523,194916397,779665589,12906,1015491,200206661,0.064,4872910,389833
bear,106,1715,207,206,429,39176280,29375731,801442434,5145,450504,894729379,625706,976223183,975194778,23776817,195038956,780155822,12914,1028405,200209285,0.064,4875974,390078
bear,107,1716,207,206,429,39176280,29539074,810201822,5148,455652,915509065,625706,976848888,975807562,23151112,195161512,780646050,12921,1041327,200211911,0.064,4879038,390323
bear,108,1717,207,206,429,39176280,29699694,818898827,5151,460803,936511754,625706,977474594,976420339,22525406,195284068,781136271,12929,1054256,200214538,0.064,4882102,390568
bear,109,1718,207,206,430,39267600,29859159,827533883,5154,465957,957735857,469279,977943873,976876681,22056127,195375336,781501345,12937,1067192,200217166,0.048,4884383,390751
bear,110,1719,207,206,430,39267600,30015966,836105946,5157,471114,979179760,469279,978413153,977333017,21586847,195466603,781866413,12944,1080136,200219796,0.048,4886665,390933
bear,111,1720,207,206,430,39267600,30170160,844614043,5160,476274,1000841823,469279,978882432,977789344,21117568,195557869,782231475,12952,1093088,200222428,0.048,4888947,391116
bear,112,1721,207,206,430,39267600,30321784,853057269,5163,481437,1022720382,469279,979351711,978245664,20648289,195649133,782596532,12959,1106047,200225061,0.048,4891228,391298
bear,113,1721,207,207,430,39267600,30470881,861434783,5163,486600,1044813749,469279,979820991,978701985,20179009,195740397,782961588,12959,1119006,200227694,0.048,4893510,391481
bear,114,1721,207,207,430,39267600,30617493,869745806,5163,491763,1067120218,469279,980290270,979158305,19709730,195831661,783326644,12959,1131965,200230327,0.048,4895792,391663
bear,115,1721,207,207,430,39267600,30761662,877989618,5163,496926,1089638068,469279,980759549,979614625,19240451,195922925,783691700,12959,1144924,200232960,0.048,4898073,391846
bear,116,1721,207,207,430,39267600,30903427,886165556,5163,502089,1112365557,469279,981228828,980070945,18771172,196014189,784056756,12959,1157883,200235593,0.048,4900355,392028
bear,117,1721,207,207,430,39267600,31042830,894273014,5163,507252,1135300930,469279,981698108,980527265,18301892,196105453,784421812,12959,1170843,200238227,0.048,4902636,392211
bear,118,1721,207,207,430,39267600,31179910,902311437,5163,512415,1158442416,469279,982167387,980983585,17832613,196196717,784786868,12959,1183802,200240860,0.048,4904918,392393
bear,119,1721,207,207,430,39267600,31314704,910280325,5163,517578,1181788233,469279,982636666,981439906,17363334,196287981,785151924,12959,1196761,200243493,0.048,4907200,392576
bear,120,1721,207,207,430,39267600,31447253,918179226,5163,522741,1205336585,469279,983105946,981896226,16894054,196379245,785516981,12959,1209720,200246126,0.048,4909481,392758
base,1,580,120,40,174,18537960,463449,443361,4640,4640,20088,6250000,61041667,61041597,938958333,21364559,39677038,70,70,4166736,0,1220832,97667
base,2,665,131,46,200,21308000,984563,1375006,5320,9960,73006,6250000,77083333,77083184,922916667,26979114,50104070,80,149,8333483,8.824,1541664,123333
base,3,754,142,53,226,24078040,1561900,2832977,6032,15992,176935,6250000,93125000,93124760,906875000,32593666,60531094,90,240,12500240,7.194,1862495,149000
base,4,849,155,60,255,27167700,2202045,4860396,6792,22784,351561,6250000,109166667,109166325,890833333,38208214,70958111,102,342,16667008,6.073,2183326,174666
base,5,949,168,68,285,30363900,2906091,7500012,7592,30376,618036,6250000,125208333,125207878,874791667,43822757,81385121,114,456,20833789,5.254,2504158,200333
base,6,1054,181,76,316,33666640,3675105,10794181,8432,38808,998971,6250000,141250000,141249418,858750000,49437296,91812122,126,582,25000582,4.63,2824988,225999
base,7,1166,196,84,350,37289000,4515452,14789984,9328,48136,1518621,6250000,162291667,162290945,837708333,56801831,105489114,140,722,29167389,4.005,3245819,259666
base,8,1284,211,93,385,41017900,5428013,19533792,10272,58408,2202826,6250000,183333333,183332457,816666667,64166360,119166097,154,876,33334209,3.529,3666649,293332
base,9,1408,227,103,422,44959880,6416310,25073835,11264,69672,3079093,6250000,204375000,204373955,795625000,71530884,132843071,169,1045,37501045,3.155,4087479,326998
base,10,1539,244,113,462,49221480,7486439,31462619,12312,81984,4176748,6250000,225416667,225415437,774583333,78895403,146520034,185,1230,41667896,2.852,4508309,360665
base,11,1677,261,123,503,53589620,8639019,38751501,13416,95400,5526885,6250000,246458333,246456902,753541667,86259916,160196987,201,1431,45834764,2.602,4929138,394331
base,12,1823,280,134,547,58277380,9879978,46995846,14584,109984,7162518,6250000,267500000,267498350,732500000,93624423,173873928,219,1650,50001650,2.392,5349967,427997
base,13,1976,299,146,593,63178220,11212434,56252195,15808,125792,9118602,4687500,290868056,290866169,709131944,101803159,189063010,237,1887,54168554,1.638,5817323,465386
base,14,2138,320,158,641,68292140,12639427,66578131,17104,142896,11432094,4687500,314236111,314233968,685763889,109981889,204252079,257,2143,58335477,1.514,6284679,502774
base,15,2308,341,171,692,73725680,14166583,78034759,18464,161360,14142048,4687500,337604167,337601746,662395833,118160611,219441135,277,2420,62502420,1.408,6752035,540163
base,16,2487,364,185,746,79478840,15799389,90686447,19896,181256,17289749,4687500,360972222,360969503,639027778,126339326,234630177,298,2719,66669386,1.316,7219390,577551
base,17,2675,387,199,803,85551620,17543195,104600588,21400,202656,20918804,4687500,384340278,384337238,615659722,134518033,249819205,321,3040,70836373,1.235,7686745,614940
base,18,2873,412,214,862,91837480,19400552,119844785,22984,225640,25075159,4687500,407708333,407683401,592291667,142689190,264994211,21892,24932,75007694,1.163,8153668,652293
base,19,3081,438,230,924,98442960,21376612,136489369,24648,250288,29807187,4687500,431076389,431027980,568923611,150859793,280168187,23477,48409,79179352,1.099,8620560,689645
base,20,3300,465,246,990,105474600,23479062,154609750,26400,276688,35165868,4687500,454444444,454370889,545555556,159029811,295341078,25146,73555,83351365,1.042,9087418,726993
base,21,3529,493,264,1059,112825860,25712732,174283501,28232,304920,41204849,4687500,477812500,477712054,522187500,167199219,310512835,26891,100446,87523748,0.991,9554241,764339
base,22,3769,522,282,1131,120496740,28082332,195590153,30152,335072,47980529,4687500,501180556,501051389,498819444,175367986,325683403,28720,129166,91696521,0.944,10021028,801682
base,23,4020,553,302,1206,128487240,30592455,218611028,32160,367232,55552109,4687500,524548611,524388813,475451389,183536084,340852728,30632,159798,95869700,0.902,10487776,839022
base,24,4283,585,322,1285,136903900,33250241,243431629,34264,401496,63981749,4687500,547916667,547724232,452083333,191703481,356020751,32636,192435,100043305,0.863,10954485,876359
base,25,4558,618,343,1367,145640180,36059990,270138768,36464,437960,73334600,3515625,566987847,566760680,433012153,198366238,368394442,34732,227167,104217356,0.624,11335214,906817
base,26,4845,652,365,1454,154909160,39031219,298825560,38760,476720,83679027,3515625,586059028,585794942,413940972,205028230,380766712,36919,264086,108391871,0.604,11715899,937272
base,27,5144,687,388,1543,164391220,42165219,329583268,41152,517872,95086538,3515625,605130208,604826925,394869792,211689424,393137501,39197,303283,112566871,0.585,12096539,967723
base,28,5456,724,412,1637,174405980,45471238,362509041,43648,561520,107632003,3515625,624201389,623856531,375798611,218349786,405506745,41575,344858,116742376,0.567,12477131,998170
base,29,5782,762,436,1735,184846900,48955629,397702925,46256,607776,121393748,3515625,643272569,642883653,356727431,225009278,417874374,44059,388917,120918410,0.55,12857673,1028614
base,30,6120,801,463,1836,195607440,52621925,435265062,48960,656736,136453536,3515625,662343750,661908199,337656250,231667870,430240329,46634,435551,125094991,0.534,13238164,1059053
base,31,6471,841,490,1941,206794140,56476230,475298147,51768,708504,152896680,3515625,676414931,675930070,323585069,236575525,439354546,49309,484860,129272141,0.523,13518601,1081488
base,32,6836,883,518,2051,218513540,60527163,517909778,54688,763192,170812212,3515625,690486111,689949161,309513889,241482206,448466954,52090,536950,133449882,0.512,13798983,1103919
base,33,7214,925,547,2164,230552560,64777798,563206945,57712,820904,190292843,3515625,704557292,703965371,295442708,246387880,457577491,54971,591921,137628235,0.502,14079307,1126345
base,34,7606,969,577,2282,243124280,69236460,611301110,60848,881752,211435138,3515625,718628472,717978593,281371528,251292508,466686086,57958,649879,141807223,0.492,14359572,1148766
base,35,8012,1014,608,2404,256122160,73908602,662305292,64096,945848,234339558,3515625,732699653,731988723,267300347,256196053,475792670,61051,710930,145986870,0.483,14639774,1171182
base,36,8430,1059,641,2529,269439660,78796879,716331325,67440,1013288,259110404,3515625,746770833,745995667,253229167,261098483,484897183,64237,775167,150167193,0.473,14919913,1193593
base,37,8862,1106,674,2659,283289860,83909203,773494948,70896,1084184,285855984,2636719,759963108,759120412,240036892,265692144,493428268,67528,842695,154348216,0.349,15182408,1214593
base,38,9306,1153,709,2792,297459680,89247965,833910368,74448,1158632,314688529,2636719,773155382,772241775,226844618,270284621,501957154,70912,913607,158529958,0.343,15444835,1235587
base,39,9763,1201,744,2929,312055660,94818158,897692805,78104,1236736,345724251,2636719,786347656,785359655,213652344,274875879,510483776,74394,988001,162712441,0.337,15707193,1256575
base,40,10232,1250,781,3070,327077800,100624649,964958349,81856,1318592,379083355,2636719,799539931,798473962,200460069,279465887,519008075,77968,1065969,166895684,0.331,15969479,1277558
base,41,10712,1299,819,3214,342419560,106669521,1035821245,85696,1404288,414889980,2636719,812732205,811584611,187267795,284054614,527529997,81625,1147594,171079704,0.326,16231692,1298535
base,42,11204,1349,857,3361,358080940,112954807,1110393885,89632,1493920,453272147,2636719,825924479,824691510,174075521,288642029,536049482,85374,1232969,175264521,0.321,16493830,1319506
base,43,11707,1399,896,3512,374168480,119485149,1188789410,93656,1587576,494361771,2636719,839116753,837794577,160883247,293228102,544566475,89207,1322176,179450153,0.316,16755892,1340471
base,44,12219,1449,937,3666,390575640,126262411,1271119008,97752,1685328,538294584,2636719,852309028,850893743,147690972,297812810,553080933,93109,1415285,183636614,0.311,17017875,1361430
base,45,12740,1499,978,3822,407195880,133285748,1357489344,101920,1787248,585209995,2636719,865501302,863988938,134498698,302396128,561592810,97079,1512364,187823920,0.306,17279779,1382382
base,46,13271,1550,1019,3981,424135740,140556998,1448005295,106168,1893416,635251041,2636719,878693576,877080088,121306424,306978031,570102057,101125,1613489,192012085,0.302,17541602,1403328
base,47,13809,1600,1062,4143,441395220,148077953,1542770002,110472,2003888,688564288,2636719,891885851,890167137,108114149,311558498,578608639,105225,1718713,196201123,0.297,17803343,1424267
base,48,14354,1650,1105,4306,458761240,155845035,1641879704,114832,2118720,745299622,2636719,905078125,903250034,94921875,316137512,587112522,109377,1828091,200391043,0.293,18065001,1445200
base,49,14905,1699,1148,4472,476446880,163860081,1745429219,119240,2237960,805610188,1977539,907055664,905113997,92944336,316789899,588324098,113576,1941667,200415189,0.219,18102280,1448182
base,50,15461,1748,1192,4638,494132520,172116892,1853504219,123688,2361648,869652080,1977539,909033203,906973723,90966797,317440803,589532920,117813,2059480,200440236,0.219,18139474,1451158
base,51,16020,1796,1237,4806,512031240,180614751,1966186845,128160,2489808,937584205,1977539,911010742,908829190,88989258,318090217,590738974,122072,2181552,200466188,0.218,18176584,1454127
base,52,16582,1844,1282,4975,530036500,189350295,2083553246,132656,2622464,1009568099,1977539,912988281,910680374,87011719,318738131,591942243,126355,2307907,200493051,0.218,18213607,1457089
base,53,17145,1890,1327,5144,548041760,198317581,2205671306,137160,2759624,1085767620,1977539,914965820,912527268,85034180,319384544,593142724,130645,2438552,200520826,0.217,18250545,1460044
base,54,17709,1936,1372,5313,566047020,207510817,2332601047,141672,2901296,1166348696,1977539,916943359,914369865,83056641,320029453,594340412,134943,2573494,200549514,0.217,18287397,1462992
base,55,18272,1980,1417,5482,584052280,216924354,2464395045,146176,3047472,1251479052,1977539,918920898,916208171,81079102,320672860,595535311,139233,2712727,200579115,0.216,18324163,1465933
base,56,18834,2024,1462,5650,601951000,226550020,2601096224,150672,3198144,1341327893,1977539,920898438,918042195,79101563,321314768,596727427,143515,2856242,200609626,0.216,18360844,1468868
base,57,19393,2066,1507,5818,619849720,236382513,2742740968,155144,3353288,1436065662,1977539,922875977,919871960,77124023,321955186,597916774,147775,3004017,200641043,0.215,18397439,1471795
base,58,19949,2107,1551,5985,637641900,246413997,2889356875,159592,3512880,1535863752,1977539,924853516,921697487,75146484,322594121,599103367,152011,3156028,200673360,0.215,18433950,1474716
base,59,20499,2146,1596,6150,655221000,256634172,3040960687,163992,3676872,1640894113,1977539,926831055,923518824,73168945,323231588,600287236,156202,3312231,200706569,0.215,18470376,1477630
base,60,21043,2184,1640,6313,672587020,267032994,3197558880,168344,3845216,1751328913,1977539,928808594,925336016,71191406,323867605,601468410,160348,3472578,200740658,0.214,18506720,1480538
base,61,21581,2221,1683,6474,689739960,277600668,3359148248,172648,4017864,1867340212,1483154,930291748,926654723,69708252,324329153,602325570,164447,3637025,200775619,0.16,18533094,1482648
base,62,22111,2256,1726,6633,706679820,288327646,3525716477,176888,4194752,1989099630,1483154,931774902,927969391,68225098,324789287,603180104,168486,3805511,200811439,0.16,18559388,1484751
base,63,22632,2290,1769,6790,723406600,299204620,3697242671,181056,4375808,2116778056,1483154,933258057,929280090,66741943,325248031,604032058,172456,3977967,200848103,0.16,18585602,1486848
base,64,23143,2322,1811,6943,739707220,310217185,3873692718,185144,4560952,2250545195,1483154,934741211,930586894,65258789,325705413,604881481,176350,4154317,200885595,0.16,18611738,1488939
base,65,23645,2353,1851,7094,755794760,321356625,4055025204,189160,4750112,2390569333,1483154,936224365,931889874,63775635,326161456,605728418,180175,4334492,200923900,0.159,18637797,1491024
base,66,24135,2382,1892,7241,771456140,332609113,4241186759,193080,4943192,2537016891,1483154,937707520,933189119,62292480,326616192,606572927,183909,4518400,200962998,0.159,18663782,1493103
base,67,24614,2410,1931,7384,786691360,343961169,4432112752,196912,5140104,2690052067,1483154,939190674,934484715,60809326,327069650,607415065,187559,4705959,201002873,0.159,18689694,1495176
base,68,25081,2436,1969,7524,801606960,355402314,4627730582,200648,5340752,2849836550,1483154,940673828,935776752,59326172,327521863,608254889,191117,4897076,201043504,0.159,18715535,1497243
base,69,25535,2460,2006,7661,816202940,366922329,4827960201,204280,5545032,3016529261,1483154,942156982,937065329,57843018,327972865,609092464,194577,5091653,201084871,0.159,18741307,1499305
base,70,25976,2484,2043,7793,830266220,378505926,5032709448,207808,5752840,3190285940,1483154,943640137,938350547,56359863,328422691,609927855,197937,5289590,201126952,0.158,18767011,1501361
base,71,26404,2506,2078,7921,843903340,390140862,5241877401,211232,5964072,3371258849,1483154,945123291,939632502,54876709,328871376,610761127,201198,5490789,201169727,0.158,18792650,1503412
base,72,26819,2527,2112,8046,857220840,401817861,5455357535,214552,6178624,3559596576,1483154,946606445,940911296,53393555,329318954,611592342,204361,5695149,201213173,0.158,18818226,1505458
base,73,27219,2546,2146,8166,870005640,413522556,5673033002,217752,6396376,3755443664,1112366,947718811,941816253,52281189,329635689,612180564,207409,5902558,201257268,0.118,18836325,1506906
base,74,27605,2564,2178,8282,882364280,425243599,5894779874,220840,6617216,3958940391,1112366,948831177,942718269,51168823,329951394,612766875,210350,6112908,201301988,0.118,18854365,1508349
base,75,27978,2581,2208,8393,894190220,436967264,6120465077,223824,6841040,4170222453,1112366,949943542,943617442,50056458,330266105,613351337,213192,6326101,201347313,0.118,18872349,1509788
base,76,28337,2597,2238,8501,905696540,448685496,6349952191,226696,7067736,4389420835,1112366,951055908,944513880,48944092,330579858,613934022,215928,6542029,201393219,0.118,18890278,1511222
base,77,28682,2612,2267,8605,916776700,460387776,6583099179,229456,7297192,4616661623,1112366,952168274,945407689,47831726,330892691,614514998,218557,6760585,201439683,0.118,18908154,1512652
base,78,29013,2626,2295,8704,927324160,472061186,6819756249,232104,7529296,4852065739,1112366,953280640,946298975,46719360,331204641,615094334,221079,6981664,201486684,0.118,18925980,1514078
base,79,29331,2639,2321,8799,937445460,483695793,7059768993,234648,7763944,5095748789,1112366,954393005,947187839,45606995,331515744,615672095,223502,7205167,201534201,0.118,18943757,1515501
base,80,29636,2651,2346,8891,947247140,495284576,7302981362,237088,8001032,5347820996,1112366,955505371,948074378,44494629,331826032,616248346,225826,7430993,201582211,0.117,18961488,1516919
base,81,29927,2662,2371,8978,956516120,506815365,7549230754,239416,8240448,5608386969,1112366,956617737,948958700,43382263,332135545,616823155,228044,7659037,201630693,0.117,18979174,1518334
base,82,30205,2672,2394,9062,965465480,518281618,7798353652,241640,8482088,5877545688,1112366,957730103,949840904,42269897,332444316,617396587,230162,7889199,201679625,0.117,18996818,1519745
base,83,30471,2682,2416,9141,973882140,529671631,8050180673,243768,8725856,6155390299,1112366,958842468,950721080,41157532,332752378,617968702,232189,8121388,201728988,0.117,19014422,1521154
base,84,30724,2691,2438,9217,981979180,540979320,8304542201,245792,8971648,6442008091,1112366,959954834,951599329,40045166,333059765,618539564,234117,8355505,201778761,0.117,19031987,1522559
base,85,30965,2699,2458,9290,989756600,552198752,8561268534,247720,9219368,6737480509,834274,960789108,952197650,39210892,333269178,618928473,235953,8591458,201828924,0.088,19043953,1523516
base,86,31195,2707,2477,9359,997107860,563321479,8820187453,249560,9468928,7041883070,834274,961623383,952794219,38376617,333477977,619316242,237706,8829164,201879460,0.088,19055884,1524471
base,87,31413,2714,2496,9424,1004032960,574339266,9081124525,251304,9720232,7355285264,834274,962457657,953389126,37542343,333686194,619702932,239367,9068531,201930349,0.088,19067783,1525423
base,88,31621,2721,2513,9486,1010638440,585246746,9343905927,252968,9973200,7677750608,834274,963291931,953982448,36708069,333893857,620088591,240952,9309483,201981575,0.088,19079649,1526372
base,89,31818,2727,2530,9545,1016924300,596038685,9608358580,254544,10227744,8009336639,834274,964126205,954574269,35873795,334100994,620473275,242453,9551936,202033120,0.087,19091485,1527319
base,90,32006,2733,2545,9602,1022997080,606712645,9874312803,256048,10483792,8350095061,834274,964960480,955164658,35039520,334307630,620857028,243886,9795822,202084970,0.087,19103293,1528263
base,91,32184,2738,2560,9655,1028643700,617260921,10141597127,257472,10741264,8700071657,834274,965794754,955753690,34205246,334513792,621239899,245242,10041064,202137108,0.087,19115074,1529206
base,92,32352,2743,2575,9706,1034077240,627681329,10410043692,258816,11000080,9059306422,834274,966629028,956341442,33370972,334719505,621621937,246522,10287586,202189518,0.087,19126829,1530146
base,93,32512,2748,2588,9754,1039191160,637969075,10679485578,260096,11260176,9427833610,834274,967463303,956927975,32536697,334924791,622003184,247741,10535328,202242188,0.087,19138559,1531085
base,94,32663,2752,2601,9799,1043985460,648119484,10949756923,261304,11521480,9805681750,834274,968297577,957513357,31702423,335129675,622383682,248892,10784220,202295102,0.087,19150267,1532021
base,95,32806,2756,2613,9842,1048566680,658130664,11220695553,262448,11783928,10192873784,834274,969131851,958097650,30868149,335334177,622763472,249982,11034201,202348247,0.087,19161953,1532956
base,96,32941,2759,2624,9882,1052828280,667998105,11492140341,263528,12047456,10589427100,834274,969966125,958680914,30033875,335538320,623142594,251010,11285212,202401612,0.087,19173618,1533889
base,97,33069,2763,2635,9921,1056983340,677722735,11763936422,264552,12312008,10995353755,625706,970591831,959054634,29408169,335669122,623385512,251986,11537198,202455184,0.065,19181093,1534487
base,98,33189,2766,2646,9957,1060818780,687300137,12035929828,265512,12577520,11410660486,625706,971217537,959427439,28782463,335799604,623627835,252900,11790098,202508950,0.065,19188549,1535084
base,99,33303,2769,2655,9991,1064441140,696728662,12307970116,266424,12843944,11835348859,625706,971843243,959799376,28156757,335929782,623869594,253769,12043867,202562901,0.065,19195988,1535679
base,100,33411,2772,2664,10023,1067850420,706006706,12579910306,267288,13111232,12269415375,625706,972468948,960170490,27531052,336059671,624110818,254592,12298458,202617026,0.065,19203410,1536273
base,101,33512,2774,2673,10054,1071153160,715135367,12851609388,268096,13379328,12712851660,625706,973094654,960540834,26905346,336189292,624351542,255361,12553820,202671316,0.065,19210817,1536865
base,102,33607,2776,2681,10082,1074136280,724110390,13122926929,268856,13648184,13165644508,625706,973720360,960910455,26279640,336318659,624591795,256085,12809905,202725759,0.065,19218209,1537457
base,103,33696,2778,2689,10109,1077012860,732932952,13393728317,269568,13917752,13627776072,625706,974346066,961279397,25653934,336447789,624831608,256764,13066669,202780347,0.065,19225588,1538047
base,104,33780,2780,2696,10134,1079676360,741601537,13663881952,270240,14187992,14099223974,625706,974971771,961647699,25028229,336576695,625071004,257404,13324072,202835070,0.065,19232954,1538636
base,105,33860,2782,2702,10158,1082233320,750117331,13933261760,270880,14458872,14579961497,625706,975597477,962015391,24402523,336705387,625310004,258013,13582086,202889924,0.065,19240308,1539225
base,106,33935,2784,2709,10181,1084683740,758481492,14201746997,271480,14730352,15069957752,625706,976223183,962382512,23776817,336833879,625548633,258585,13840670,202944898,0.065,19247650,1539812
base,107,34006,2786,2715,10202,1086921080,766692481,14469219448,272048,15002400,15569177783,625706,976848888,962749092,23151112,336962182,625786910,259126,14099796,202999988,0.065,19254982,1540399
base,108,34073,2787,2720,10222,1089051880,774751466,14735565966,272584,15274984,16077582730,625706,977474594,963115162,22525406,337090307,626024855,259636,14359432,203055186,0.065,19262303,1540984
base,109,34136,2789,2726,10241,1091076140,782659583,15000678276,273088,15548072,16595130003,469279,977943873,963324325,22056127,337163514,626160811,260116,14619549,203110487,0.049,19266486,1541319
base,110,34195,2790,2731,10259,1092993860,790417940,15264452782,273560,15821632,17121773437,469279,978413153,963533038,21586847,337236563,626296475,260566,14880114,203165882,0.049,19270661,1541653
base,111,34250,2791,2736,10275,1094698500,798024954,15526787812,274000,16095632,17657463362,469279,978882432,963741333,21117568,337309466,626431866,260985,15141099,203221367,0.049,19274827,1541986
base,112,34302,2792,2740,10291,1096403140,805484409,15787588730,274416,16370048,18202146852,469279,979351711,963949231,20648289,337382231,626567000,261381,15402481,203276937,0.049,19278985,1542319
base,113,34351,2793,2744,10305,1097894700,812794666,16046762475,274808,16644856,18755767773,469279,979820991,964156755,20179009,337454864,626701891,261755,15664235,203332585,0.049,19283135,1542651
base,114,34397,2794,2748,10319,1099386260,819959456,16304222691,275176,16920032,19318267013,469279,980290270,964363929,19709730,337527375,626836554,262105,15926340,203388308,0.049,19287279,1542982
base,115,34440,2795,2752,10332,1100771280,826979751,16559886841,275520,17195552,19889582615,469279,980759549,964570776,19240451,337599772,626971004,262433,16188773,203444101,0.049,19291416,1543313
base,116,34481,2796,2755,10344,1102049760,833856502,16813676049,275848,17471400,20469649907,469279,981228828,964777310,18771172,337672058,627105251,262745,16451519,203499961,0.049,19295546,1543644
base,117,34520,2797,2758,10356,1103328240,840593295,17065517540,276160,17747560,21058401712,469279,981698108,964983547,18301892,337744241,627239305,263042,16714561,203555883,0.049,19299671,1543974
base,118,34555,2797,2762,10367,1104500180,847190967,17315341783,276440,18024000,21655768436,469279,982167387,965189517,17832613,337816331,627373186,263309,16977870,203611862,0.049,19303790,1544303
base,119,34589,2798,2764,10377,1105565580,853650333,17563082333,276712,18300712,22261678218,469279,982636666,965395228,17363334,337888330,627506898,263568,17241438,203667896,0.049,19307905,1544632
base,120,34621,2799,2767,10386,1106524440,859972185,17808675733,276968,18577680,22876057004,469279,983105946,965600695,16894054,337960243,627640452,263812,17505250,203723982,0.049,19312014,1544961
bull,1,628,158,30,220,26787200,892907,849375,10048,10048,43532,6250000,61041667,61041455,938958333,24416582,36624873,212,212,4166879,0,4883316,390665
bull,2,775,185,38,271,32996960,1963042,2694551,12400,22448,161398,6250000,77083333,77082860,922916667,30833144,46249716,262,474,8333807,8.824,6166629,493330
bull,3,945,217,47,331,40302560,3241026,5697872,15120,37568,399102,6250000,93125000,93124208,906875000,37249683,55874525,319,792,12500792,7.194,7449937,595995
bull,4,1141,253,57,399,48582240,4752400,10040131,18256,55824,809243,6250000,109166667,109165489,890833333,43666196,65499293,385,1178,16667844,6.073,8733239,698659
bull,5,1369,296,68,479,58323040,6538088,15934631,21904,77728,1452830,6250000,125208333,125206694,874791667,50082678,75124016,462,1640,20834973,5.254,10016536,801323
bull,6,1631,344,82,571,69524960,8637650,23624725,26096,103824,2400387,6250000,141250000,141247810,858750000,56499124,84748686,550,2190,25002190,4.63,11299825,903986
bull,7,1933,400,98,677,82431520,11097446,33389161,30928,134752,3733396,6250000,162291667,162288824,837708333,64915530,97373295,652,2842,29169509,4.005,12983106,1038648
bull,8,2282,465,116,799,97286240,13970405,45547070,36512,171264,5545892,6250000,183333333,183329721,816666667,73331888,109997832,770,3613,33336946,3.529,14666378,1173310
bull,9,2684,539,137,939,114332640,17315813,60462582,42944,214208,7946194,6250000,204375000,204370482,795625000,81748193,122622289,906,4518,37504518,3.155,16349639,1307971
bull,10,3148,625,161,1102,134179520,21211270,78560714,50368,264576,11059331,6250000,225416667,225411086,774583333,90164434,135246651,1062,5581,41672248,2.852,18032887,1442631
bull,11,3682,723,189,1289,156948640,25735849,100326530,58912,323488,15029364,6250000,246458333,246451510,753541667,98580604,147870906,1243,6824,45840157,2.602,19716121,1577290
bull,12,4297,836,221,1504,183127040,30982222,126315922,68752,392240,20022195,6250000,267500000,267491726,732500000,106996690,160495036,1450,8274,50008274,2.392,21399338,1711947
bull,13,5004,965,258,1751,213201760,37056207,157165610,80064,472304,26228714,4687500,290868056,290858093,709131944,116343237,174514856,1689,9963,54176629,1.638,23268647,1861492
bull,14,5817,1113,300,2036,247903360,44084445,193610106,93072,565376,33868663,4687500,314236111,314224185,685763889,125689674,188534511,1963,11926,58345259,1.514,25137935,2011035
bull,15,6750,1282,349,2363,287718880,52205593,236489611,108000,673376,43194751,4687500,337604167,337589963,662395833,135035985,202553978,2278,14204,62514204,1.408,27007197,2160576
bull,16,7820,1475,405,2737,333257120,61573977,286761083,125120,798496,54497256,4687500,360972222,360955379,639027778,144382152,216573227,2639,16843,66683510,1.316,28876430,2310114
bull,17,9046,1695,469,3166,385492160,72371250,345520135,144736,943232,68109454,4687500,384340278,384320381,615659722,153728153,230592229,3053,19896,70853230,1.235,30745631,2459650
bull,18,10448,1945,543,3657,445276320,84801419,414017328,167168,1110400,84413681,4687500,407708333,407606551,592291667,163042620,244563930,81886,101783,75039095,1.163,32608524,2608682
bull,19,12049,2228,627,4217,513461920,99090102,493673117,192784,1303184,103847993,4687500,431076389,430880172,568923611,172352069,258528103,94434,196217,79227901,1.1,34470414,2757633
bull,20,13874,2548,723,4856,591266560,115495984,586103276,221984,1525168,126913819,4687500,454444444,454139490,545555556,181655796,272483694,108737,304954,83420061,1.043,36331159,2906493
bull,21,15950,2908,832,5583,679786080,134305654,693138396,255200,1780368,154184354,4687500,477812500,477382538,522187500,190953015,286429523,125008,429962,87616036,0.992,38190603,3055248
bull,22,18305,3312,957,6407,780116320,155832676,816841777,292880,2073248,186313649,4687500,501180556,500607128,498819444,200242851,300364277,143465,573428,91816338,0.945,40048570,3203886
bull,23,20970,3763,1098,7339,893596640,180424808,959533568,335520,2408768,224046666,4687500,524548611,523810831,475451389,209524332,314286499,164352,737780,96021537,0.903,41904866,3352389
bull,24,23975,4263,1258,8391,1021688160,208466920,1123816870,383600,2792368,268230284,4687500,547916667,546990983,452083333,218796393,328194590,187904,925684,100232258,0.864,43759279,3500742
bull,25,27351,4815,1439,9573,1165608480,240371639,1312593824,437616,3229984,319824969,3515625,566987847,565847800,433012153,226339120,339508680,214363,1140047,104449182,0.625,45267824,3621426
bull,26,31129,5419,1641,10895,1326575200,276578424,1529080225,498064,3728048,379916992,3515625,586059028,584675007,413940972,233870003,350805004,243974,1384021,108673048,0.605,46774001,3741920
bull,27,35337,6076,1868,12368,1505927680,317556733,1776822680,565392,4293440,449731270,3515625,605130208,603469234,394869792,241387693,362081540,276954,1660975,112904647,0.586,48277539,3862203
bull,28,40001,6784,2120,14000,1704640000,363792842,2059702423,640016,4933456,530644368,3515625,624201389,622226906,375798611,248890763,373336144,313508,1974483,117144815,0.568,49778153,3982252
bull,29,45139,7538,2400,15799,1923686240,415789288,2381938548,722224,5655680,624197532,3515625,643272569,640944310,356727431,256377724,384566586,353777,2328260,121394425,0.552,51275545,4102044
bull,30,50764,8333,2708,17767,2163309920,474039976,2748067106,812224,6467904,732108950,3515625,662343750,659617628,337656250,263847051,395770577,397863,2726122,125654370,0.536,52769410,4221553
bull,31,56878,9160,3046,19907,2423876320,539034521,3162925268,910048,7377952,856285309,3515625,676414931,673243027,323585069,269297211,403945816,445781,3171904,129925550,0.525,53859442,4308755
bull,32,63471,10006,3413,22215,2704898400,611229983,3631608893,1015536,8393488,998831667,3515625,690486111,686816753,309513889,274726701,412090052,497454,3669358,134208845,0.515,54945340,4395627
bull,33,70522,10859,3808,24683,3005402080,691035720,4159417088,1128352,9521840,1162059192,3515625,704557292,700335218,295442708,280134087,420201131,552716,4222074,138505096,0.505,56026817,4482145
bull,34,77993,11702,4231,27298,3323804480,778794679,4751780938,1247888,10769728,1348490021,3515625,718628472,713795128,281371528,285518051,428277077,611270,4833344,142815075,0.495,57103610,4568289
bull,35,85830,12517,4680,30040,3657670400,874757203,5414169680,1373280,12143008,1560858482,3515625,732699653,727193616,267300347,290877446,436316170,672693,5506037,147139454,0.486,58175489,4654039
bull,36,93965,13285,5150,32888,4004442880,979080059,6151999433,1503440,13646448,1802108787,3515625,746770833,740528346,253229167,296211338,444317008,736451,6242487,151478781,0.477,59242268,4739381
bull,37,102316,13989,5638,35811,4360347360,1091788969,6970509281,1637056,15283504,2075387908,2636719,759963108,752918719,240036892,301167487,451751231,801902,7044389,155833454,0.351,60233497,4818680
bull,38,110790,14613,6139,38777,4721487520,1212778920,7874642254,1772640,17056144,2384033855,2636719,773155382,765242676,226844618,306097071,459145606,868317,7912706,160203697,0.346,61219414,4897553
bull,39,119286,15143,6647,41750,5083480000,1341802290,8868919297,1908576,18964720,2731559102,2636719,786347656,777500047,213652344,311000019,466500028,934904,8847610,164589552,0.34,62200004,4976000
bull,40,127700,15571,7157,44695,5442063200,1478477653,9957326365,2043200,21007920,3121629687,2636719,799539931,789691472,200460069,315876589,473814883,1000849,9848458,168990867,0.335,63175318,5054025
bull,41,135930,15892,7662,47576,5792853760,1622290190,11143206054,2174880,23182800,3558040188,2636719,812732205,801818395,187267795,320727358,481091037,1065351,10913810,173407305,0.33,64145472,5131638
bull,42,143881,16107,8156,50358,6131590080,1772600187,12429161411,2302096,25484896,4044685018,2636719,825924479,813883002,174075521,325553201,488329801,1127667,12041477,177838353,0.325,65110640,5208851
bull,43,151471,16223,8633,53015,6455106400,1928683727,13817002409,2423536,27908432,4585527747,2636719,839116753,825888122,160883247,330355249,495532873,1187154,13228631,182283348,0.32,66071050,5285684
bull,44,158631,16248,9088,55521,6760236960,2089735501,15307697143,2538096,30446528,5184568515,2636719,852309028,837837126,147690972,335134851,502702276,1243270,14471901,186741499,0.316,67026970,5362158
bull,45,165309,16196,9518,57858,7044790080,2254903987,16901358644,2644944,33091472,5845811001,2636719,865501302,849733791,134498698,339893517,509840275,1295609,15767511,191211921,0.311,67978703,5438296
bull,46,171471,16081,9919,60015,7307426400,2423321401,18597261007,2743536,35835008,6573230039,2636719,878693576,861582162,121306424,344632865,516949297,1343904,17111415,195693665,0.307,68926573,5514126
bull,47,177101,15918,10288,61985,7547293600,2594120474,20393871060,2833616,38668624,7370740460,2636719,891885851,873386407,108114149,349354563,524031844,1388029,18499444,200185755,0.303,69870913,5589673
bull,48,182196,15721,10626,63769,7764513440,2766466907,22288910157,2915136,41583760,8242168270,2636719,905078125,885150720,94921875,354060288,531090432,1427961,19927405,204687207,0.299,70812058,5664965
bull,49,186768,15504,10932,65369,7959329440,2939562324,24279416476,2988288,44572048,9191224276,1977539,907055664,885664465,92944336,354265786,531398679,1463794,21391199,205030393,0.224,70853157,5668253
bull,50,190839,15277,11206,66794,8132837440,3112671495,26361831248,3053424,47625472,10221480999,1977539,909033203,886146303,90966797,354458521,531687782,1495701,22886900,205381060,0.224,70891704,5671336
bull,51,194438,15049,11450,68053,8286133280,3285120221,28532079781,3111008,50736480,11336352687,1977539,911010742,886599935,88989258,354639974,531959961,1523908,24410808,205738340,0.224,70927995,5674240
bull,52,197600,14828,11666,69160,8420921600,3456313600,30785667029,3161600,53898080,12539079039,1977539,912988281,887028784,87011719,354811513,532217270,1548690,25959498,206101430,0.223,70962303,5676984
bull,53,200363,14619,11856,70127,8538663520,3625725264,33117759275,3205808,57103888,13832712058,1977539,914965820,887435978,85034180,354974391,532461587,1570345,27529843,206469597,0.223,70994878,5679590
bull,54,202765,14424,12022,70968,8641063680,3792903212,35523268403,3244240,60348128,15220106141,1977539,916943359,887824346,83056641,355129738,532694608,1589171,29119013,206842177,0.223,71025948,5682076
bull,55,204844,14245,12166,71695,8729583200,3957459211,37996922825,3277504,63625632,16703910931,1977539,918920898,888196420,81079102,355278568,532917852,1605465,30724478,207218578,0.223,71055714,5684457
bull,56,206637,14084,12291,72323,8806048480,4119078853,40533345423,3306192,66931824,18286567186,1977539,920898438,888554442,79101563,355421777,533132665,1619517,32343996,207598274,0.223,71084355,5686748
bull,57,208179,13940,12398,72863,8871798880,4277502854,43127110603,3330864,70262688,19970304860,1977539,922875977,888900378,77124023,355560151,533340227,1631603,33975599,207980803,0.223,71112030,5688962
bull,58,209501,13813,12491,73325,8928052000,4432521159,45772793555,3352016,73614704,21757143067,1977539,924853516,889235953,75146484,355694381,533541572,1641964,35617563,208365761,0.223,71138876,5691110
bull,59,210632,13701,12570,73721,8976268960,4583979419,48465023876,3370112,76984816,23648892166,1977539,926831055,889562664,73168945,355825065,533737598,1650828,37268391,208752797,0.223,71165013,5693201
bull,60,211597,13603,12638,74059,9017423840,4731760900,51198519795,3385552,80370368,25647157147,1977539,928808594,889881811,71191406,355952725,533929087,1658391,38926782,209141606,0.223,71190545,5695244
bull,61,212419,13518,12696,74347,9052490720,4875785227,53968119880,3398704,83769072,27753342289,1483154,930291748,889700132,69708252,355880053,533820079,1664834,40591616,209531926,0.167,71176011,5694081
bull,62,213119,13445,12745,74592,9082321920,5016003117,56768808480,3409904,87178976,29968656805,1483154,931774902,889512966,68225098,355805186,533707779,1670320,42261937,209923533,0.167,71161037,5692883
bull,63,213714,13382,12787,74800,9107648000,5152391280,59595735345,3419424,90598400,32294121220,1483154,933258057,889321137,66741943,355728455,533592682,1674983,43936920,210316232,0.167,71145691,5691655
bull,64,214218,13327,12823,74976,9129077760,5284947496,62444229747,3427488,94025888,34730574315,1483154,934741211,889125357,65258789,355650143,533475214,1678934,45615854,210709858,0.167,71130029,5690402
bull,65,214646,13281,12853,75126,9147341760,5413693971,65309817242,3434336,97460224,37278680790,1483154,936224365,888926224,63775635,355570489,533355734,1682288,47298142,211104270,0.167,71114098,5689128
bull,66,215008,13241,12879,75253,9162805280,5538664348,68188223403,3440128,100900352,39938938978,1483154,937707520,888724253,62292480,355489701,533234552,1685125,48983267,211499347,0.167,71097940,5687835
bull,67,215315,13207,12900,75360,9175833600,5659903323,71075376934,3445040,104345392,42711688770,1483154,939190674,888519876,60809326,355407950,533111925,1687531,50670798,211894988,0.167,71081590,5686527
bull,68,215574,13178,12919,75451,9186913760,5777470338,73967416315,3449184,107794576,45597119727,1483154,940673828,888313469,59326172,355325388,532988081,1689561,52360359,212291105,0.167,71065078,5685206
bull,69,215794,13154,12934,75528,9196289280,5891430969,76860687807,3452704,111247280,48595279204,1483154,942156982,888105338,57843018,355242135,532863203,1691285,54051645,212687627,0.167,71048427,5683874
bull,70,215979,13133,12948,75593,9204203680,6001856726,79751743450,3455664,114702944,51706080288,1483154,943640137,887895756,56359863,355158303,532737454,1692735,55744380,213084488,0.167,71031661,5682533
bull,71,216136,13116,12959,75648,9210900480,6108824851,82637338814,3458176,118161120,54929309775,1483154,945123291,887684945,54876709,355073978,532610967,1693966,57438346,213481638,0.167,71014796,5681184
bull,72,216269,13101,12968,75694,9216501440,6212414071,85514426848,3460304,121621424,58264635813,1483154,946606445,887473091,53393555,354989236,532483855,1695008,59133354,213879032,0.167,70997847,5679828
bull,73,216381,13088,12976,75733,9221250080,6312708605,88380155777,3462096,125083520,61711615488,1112366,947718811,886889571,52281189,354755828,532133742,1695886,60829241,214276633,0.126,70951166,5676093
bull,74,216475,13077,12983,75766,9225268160,6409793923,91231862986,3463600,128547120,65269702202,1112366,948831177,886305313,51168823,354522125,531783188,1696623,62525863,214674405,0.126,70904425,5672354
bull,75,216554,13068,12989,75794,9228677440,6503756707,94067069091,3464864,132011984,68938252804,1112366,949943542,885720437,50056458,354288175,531432262,1697242,64223105,215072323,0.126,70857635,5668611
bull,76,216622,13061,12993,75818,9231599680,6594684806,96883472174,3465952,135477936,72716534527,1112366,951055908,885135028,48944092,354054011,531081017,1697775,65920880,215470366,0.126,70810802,5664864
bull,77,216679,13054,12997,75838,9234034880,6682663142,99678938377,3466864,138944800,76603731466,1112366,952168274,884549172,47831726,353819669,530729503,1698222,67619102,215868514,0.126,70763934,5661115
bull,78,216727,13049,13001,75854,9235983040,6767773805,102451492844,3467632,142412432,80598950805,1112366,953280640,883962940,46719360,353585176,530377764,1698598,69317700,216266750,0.126,70717035,5657363
bull,79,216767,13044,13004,75868,9237687680,6850104268,105199318948,3468272,145880704,84701228968,1112366,954393005,883376394,45606995,353350558,530025837,1698911,71016611,216665059,0.126,70670112,5653609
bull,80,216801,13040,13006,75880,9239148800,6929739085,107920749541,3468816,149349520,88909537461,1112366,955505371,882789582,44494629,353115833,529673749,1699178,72715789,217063431,0.126,70623167,5649853
bull,81,216830,13037,13008,75891,9240488160,7006764055,110614262556,3469280,152818800,93222788500,1112366,956617737,882202543,43382263,352881017,529321526,1699405,74415194,217461856,0.126,70576203,5646096
bull,82,216854,13034,13010,75899,9241462240,7081253994,113278465015,3469664,156288464,97639840035,1112366,957730103,881615315,42269897,352646126,528969189,1699593,76114787,217860325,0.126,70529225,5642338
bull,83,216875,13032,13011,75906,9242314560,7153289346,115912093573,3470000,159758464,102159500824,1112366,958842468,881027923,41157532,352411169,528616754,1699758,77814545,218258833,0.126,70482234,5638579
bull,84,216892,13030,13013,75912,9243045120,7222947872,118514007119,3470272,163228736,106780535150,1112366,959954834,880440398,40045166,352176159,528264239,1699891,79514436,218657372,0.127,70435232,5634819
bull,85,216906,13028,13014,75917,9243653920,7290304740,121083179669,3470496,166699232,111501667341,834274,960789108,879574671,39210892,351829869,527744803,1700001,81214437,219055937,0.095,70365974,5629278
bull,86,216919,13027,13014,75922,9244262720,7355436673,123618697525,3470704,170169936,116321586157,834274,961623383,878708843,38376617,351483537,527225306,1700103,82914540,219454526,0.095,70296707,5623737
bull,87,216930,13026,13015,75926,9244749760,7418413776,126119748747,3470880,173640816,121238948711,834274,962457657,877842928,37542343,351137171,526705757,1700189,84614728,219853134,0.095,70227434,5618195
bull,88,216939,13025,13016,75929,9245115040,7479303818,128585617070,3471024,177111840,126252384206,834274,963291931,876976943,36708069,350790777,526186166,1700259,86314988,220251760,0.095,70158155,5612652
bull,89,216947,13024,13016,75931,9245358560,7538172309,131015676126,3471152,180582992,131360497460,834274,964126205,876110895,35873795,350444358,525666537,1700322,88015310,220650400,0.095,70088872,5607110
bull,90,216953,13023,13017,75934,9245723840,7595090694,133409391816,3471248,184054240,136561872464,834274,964960480,875244801,35039520,350097920,525146880,1700369,89715679,221049051,0.095,70019584,5601567
bull,91,216958,13022,13017,75935,9245845600,7650115857,135766304807,3471328,187525568,141855075330,834274,965794754,874378667,34205246,349751467,524627200,1700408,91416087,221447711,0.096,69950293,5596023
bull,92,216963,13022,13017,75937,9246089120,7703314966,138086037624,3471408,190996976,147238657479,834274,966629028,873512493,33370972,349404997,524107496,1700448,93116535,221846381,0.096,69880999,5590480
bull,93,216966,13021,13018,75938,9246210880,7754744830,140368281656,3471456,194468432,152711158277,834274,967463303,872646297,32536697,349058519,523587778,1700471,94817006,222245056,0.096,69811704,5584936
bull,94,216969,13021,13018,75939,9246332640,7804464424,142612796597,3471504,197939936,158271107759,834274,968297577,871780076,31702423,348712031,523068046,1700495,96517501,222643737,0.096,69742406,5579392
bull,95,216972,13021,13018,75940,9246454400,7852530756,144819406026,3471552,201411488,163917029087,834274,969131851,870913833,30868149,348365533,522548300,1700518,98218019,223042423,0.096,69673107,5573849
bull,96,216975,13021,13018,75941,9246576160,7898998936,146987993176,3471600,204883088,169647440873,834274,969966125,870047565,30033875,348019026,522028539,1700542,99918560,223441114,0.096,69603805,5568304
bull,97,216976,13020,13019,75942,9246697920,7943922236,149118496968,3471616,208354704,175460859317,625706,970591831,868972722,29408169,347589089,521383633,1700549,101619110,223839808,0.072,69517818,5561425
bull,98,216977,13020,13019,75942,9246697920,7987348092,151210904238,3471632,211826336,181355800139,625706,971217537,867897870,28782463,347159148,520738722,1700557,103319667,224238503,0.072,69431830,5554546
bull,99,216978,13020,13019,75942,9246697920,8029326419,153265250360,3471648,215297984,187330780436,625706,971843243,866823011,28156757,346729204,520093806,1700565,105020232,224637200,0.072,69345841,5547667
bull,100,216979,13020,13019,75943,9246819680,8069909528,155281619728,3471664,218769648,193384320596,625706,972468948,865748144,27531052,346299257,519448886,1700573,106720805,225035899,0.072,69259851,5540788
bull,101,216980,13020,13019,75943,9246819680,8109139867,157260134430,3471680,222241328,199514945761,625706,973094654,864673269,26905346,345869307,518803961,1700581,108421386,225434600,0.072,69173861,5533909
bull,102,216981,13020,13019,75943,9246819680,8147062527,159200955375,3471696,225713024,205721187343,625706,973720360,863598386,26279640,345439354,518159031,1700589,110121974,225833302,0.073,69087871,5527030
bull,103,216982,13020,13019,75944,9246941440,8183725157,161104283300,3471712,229184736,212001584575,625706,974346066,862523495,25653934,345009398,517514097,1700596,111822571,226232007,0.073,69001880,5520150
bull,104,216983,13020,13019,75944,9246941440,8219165700,162970347935,3471728,232656464,218354685640,625706,974971771,861448596,25028229,344579439,516869158,1700604,113523175,226630713,0.073,68915888,5513271
bull,105,216984,13020,13019,75944,9246941440,8253424891,164799409601,3471744,236128208,224779048865,625706,975597477,860373690,24402523,344149476,516224214,1700612,115223787,227029421,0.073,68829895,5506392
bull,106,216984,13019,13019,75944,9246941440,8286542110,166591756778,3471744,239599952,231273243798,625706,976223183,859298784,23776817,343719513,515579270,1700612,116924399,227428129,0.073,68743903,5499512
bull,107,216984,13019,13019,75944,9246941440,8318555421,168347703747,3471744,243071696,237835852250,625706,976848888,858223877,23151112,343289551,514934326,1700612,118625011,227826837,0.073,68657910,5492633
bull,108,216984,13019,13019,75944,9246941440,8349501621,170067588423,3471744,246543440,244465469195,625706,977474594,857148971,22525406,342859588,514289383,1700612,120325623,228225545,0.073,68571918,5485753
bull,109,216984,13019,13019,75944,9246941440,8379416282,171751770285,3471744,250015184,251160703616,469279,977943873,855917638,22056127,342367055,513550583,1700612,122026235,228624253,0.055,68473411,5477873
bull,110,216984,13019,13019,75944,9246941440,8408333787,173400628426,3471744,253486928,257920179262,469279,978413153,854686305,21586847,341874522,512811783,1700612,123726847,229022961,0.055,68374904,5469992
bull,111,216984,13019,13019,75944,9246941440,8436287376,175014559715,3471744,256958672,264742535349,469279,978882432,853454972,21117568,341381989,512072983,1700612,125427459,229421669,0.055,68276398,5462112
bull,112,216984,13019,13019,75944,9246941440,8463309178,176593977065,3471744,260430416,271626427176,469279,979351711,852223640,20648289,340889456,511334184,1700612,127128072,229820378,0.055,68177891,5454231
bull,113,216984,13019,13019,75944,9246941440,8489430253,178139307800,3471744,263902160,278570526695,469279,979820991,850992307,20179009,340396923,510595384,1700612,128828684,230219086,0.055,68079385,5446351
bull,114,216984,13019,13019,75944,9246941440,8514680626,179650992116,3471744,267373904,285573523005,469279,980290270,849760974,19709730,339904390,509856584,1700612,130529296,230617794,0.055,67980878,5438470
bull,115,216984,13019,13019,75944,9246941440,8539089320,181129481638,3471744,270845648,292634122803,469279,980759549,848529641,19240451,339411857,509117785,1700612,132229908,231016502,0.055,67882371,5430590
bull,116,216984,13019,13019,75944,9246941440,8562684391,182575238059,3471744,274317392,299751050773,469279,981228828,847298308,18771172,338919323,508378985,1700612,133930520,231415210,0.055,67783865,5422709
bull,117,216984,13019,13019,75944,9246941440,8585492959,183988731861,3471744,277789136,306923049930,469279,981698108,846066976,18301892,338426790,507640185,1700612,135631132,231813918,0.055,67685358,5414829
bull,118,216984,13019,13019,75944,9246941440,8607541242,185370441117,3471744,281260880,314148881915,469279,982167387,844835643,17832613,337934257,506901386,1700612,137331744,232212626,0.056,67586851,5406948
bull,119,216984,13019,13019,75944,9246941440,8628854582,186720850366,3471744,284732624,321427327248,469279,982636666,843604310,17363334,337441724,506162586,1700612,139032356,232611334,0.056,67488345,5399068
bull,120,216984,13019,13019,75944,9246941440,8649457477,188040449555,3471744,288204368,328757185536,469279,983105946,842372977,16894054,336949191,505423786,1700612,140732968,233010042,0.056,67389838,5391187
